Wallet,New Lock Wallet
0x5f1d00a3698ab45f588D089385Cc3E3463326390,0x91Ec81cB1b7A315c32ceff9bB7Aa3B1c43656bE9
0x5f1d00a3698ab45f588D089385Cc3E3463326390,0xEC7c75CFb8ccdb2B7670C55cf817a04A242271F9
0x5f1d00a3698ab45f588D089385Cc3E3463326390,0x8Dd529802D4a49dEaCB672719702a652C0CA748F
0x5f1d00a3698ab45f588D089385Cc3E3463326390,0xB32c5Ac1fEAd799FC5830aD7018b29Eb9072aD65
0x5f1d00a3698ab45f588D089385Cc3E3463326390,0xbAd0fbEe193822F710DCEbA6a6f0D7d1C23C8DEf
0x5f1d00a3698ab45f588D089385Cc3E3463326390,0x1f879dc9746ef1a31FF3AA705689A2EAb8B0aEbB
0x5f1d00a3698ab45f588D089385Cc3E3463326390,0xF6E022092d55fd3CcC8fb35F6568075b02653216
0x5f1d00a3698ab45f588D089385Cc3E3463326390,0xd0D8F53761D96eE3E6a072A9102a9D072f6C724A
0x5f1d00a3698ab45f588D089385Cc3E3463326390,0x04f3440BFB1D9A48ec7B49fDA71cf19eff054C5a
0x5f1d00a3698ab45f588D089385Cc3E3463326390,0x51b1e86d5a6bb40fc6dCc3c87bc69A2548fbF7EF
0x5f1d00a3698ab45f588D089385Cc3E3463326390,0xd828f0a829e98D0745Ea31f421b4708238458E6a
0x5f1d00a3698ab45f588D089385Cc3E3463326390,0x2d09e31B039a2C70d8003FCAEa2A900D219c99a2
0x5f1d00a3698ab45f588D089385Cc3E3463326390,0x61950Cbc405996C96a5C90703680533C4b1611A3
0x5f1d00a3698ab45f588D089385Cc3E3463326390,0x81A6a23692f51Cc7cf8646c95a8276613f450Ca4
0x5f1d00a3698ab45f588D089385Cc3E3463326390,0x987d17B3a151210C65d3D9E0EFdfc2D44d06AAfB
0x5f1d00a3698ab45f588D089385Cc3E3463326390,0x60Ad5E25436a8837B58bDDaa9D0aE4C1fE530a86
0x5f1d00a3698ab45f588D089385Cc3E3463326390,0x851432D65810ed6350878058546716E4ebC74DFD
0x5f1d00a3698ab45f588D089385Cc3E3463326390,0x12702b30Eb7ca8Fc23F668bF7E53B763198928FB
0x5f1d00a3698ab45f588D089385Cc3E3463326390,0x95C5F8440498b5A373d3097194e5dC2Ca79ffA45
0x2863BF77c5DC53c377EE0ba7C4613095B63fD312,0xF1a7295D6A18d3A79895282286Ac4937Eb9B0845
0x5f1d00a3698ab45f588D089385Cc3E3463326390,0x124e37B0Ea28Fcb00e26944d9022292299b1c8Aa
0x5f1d00a3698ab45f588D089385Cc3E3463326390,0xb781D7C3B42A5476A66171d5eAD832391e84bfD3
0x5f1d00a3698ab45f588D089385Cc3E3463326390,0x236807822F577a207bd49D18ca572f715Acb3B3D
0x5f1d00a3698ab45f588D089385Cc3E3463326390,0x5e6c0814ef4cAC69232365f9A019b77F1f168410